image,book_id,description,variant,gt_width_mm,gt_height_mm,width_mm,height_mm,px_per_mm,card_px_per_mm,camera_distance_mm,cover_above_card_mm,card_anisotropy,book_score,card_score,notes,width_err_mm,width_err_pct,height_err_mm,height_err_pct
book01_1.jpg,1,Physics book,final,175.0,235.0,173.06,230.52,5.4873,5.575,268.9,-4.3,0.9275,0.9958,0.9964,,-1.94,-1.109,-4.48,-1.906
book01_1.jpg,1,Physics book,edge_refined,175.0,235.0,173.37,231.18,5.4375,5.5236,271.4,-4.3,0.9514,0.9958,0.9964,,-1.63,-0.931,-3.82,-1.626
book01_1.jpg,1,Physics book,no_height_corr,175.0,235.0,170.34,226.89,5.575,5.575,,-4.3,0.9275,0.9958,0.9964,,-4.66,-2.663,-8.11,-3.451
book01_1.jpg,1,Physics book,distorted,175.0,235.0,172.84,230.46,5.5838,5.6747,264.2,-4.3,0.9272,0.9958,0.9961,,-2.16,-1.234,-4.54,-1.932
book01_2.jpg,1,Physics book,final,175.0,235.0,176.75,238.69,5.5044,5.5927,268.1,-4.3,0.9508,0.9963,0.997,,1.75,1.0,3.69,1.57
book01_2.jpg,1,Physics book,edge_refined,175.0,235.0,177.4,237.75,5.4727,5.56,269.7,-4.3,0.9626,0.9963,0.997,,2.4,1.371,2.75,1.17
book01_2.jpg,1,Physics book,no_height_corr,175.0,235.0,173.96,234.92,5.5927,5.5927,,-4.3,0.9508,0.9963,0.997,,-1.04,-0.594,-0.08,-0.034
book01_2.jpg,1,Physics book,distorted,175.0,235.0,175.58,236.61,5.6228,5.715,262.3,-4.3,0.9368,0.9965,0.9959,,0.58,0.331,1.61,0.685
book02_1.jpg,2,Gray diary,final,187.0,250.0,187.23,251.15,5.3655,5.4692,274.1,-5.3,0.948,0.9882,0.9919,,0.23,0.123,1.15,0.46
book02_1.jpg,2,Gray diary,edge_refined,187.0,250.0,186.91,252.19,5.3484,5.4514,275.0,-5.3,0.9655,0.9882,0.9919,,-0.09,-0.048,2.19,0.876
book02_1.jpg,2,Gray diary,no_height_corr,187.0,250.0,183.68,246.39,5.4692,5.4692,,-5.3,0.948,0.9882,0.9919,,-3.32,-1.775,-3.61,-1.444
book02_1.jpg,2,Gray diary,distorted,187.0,250.0,184.68,247.1,5.4929,5.6016,267.7,-5.3,0.9394,0.9883,0.9834,,-2.32,-1.241,-2.9,-1.16
book02_2.jpg,2,Gray diary,final,187.0,250.0,184.89,252.43,5.3762,5.4804,273.6,-5.3,0.9338,0.9906,0.9556,,-2.11,-1.128,2.43,0.972
book02_2.jpg,2,Gray diary,edge_refined,187.0,250.0,185.1,251.6,5.3779,5.4821,273.5,-5.3,0.9597,0.9906,0.9556,,-1.9,-1.016,1.6,0.64
book02_2.jpg,2,Gray diary,no_height_corr,187.0,250.0,181.38,247.63,5.4804,5.4804,,-5.3,0.9338,0.9906,0.9556,,-5.62,-3.005,-2.37,-0.948
book02_2.jpg,2,Gray diary,distorted,187.0,250.0,183.48,247.89,5.5025,5.6116,267.2,-5.3,0.9359,0.9899,0.9005,2 books detected; measured the most confident,-3.52,-1.882,-2.11,-0.844
book03_1.jpg,3,Maroon diary (photographed open),final,197.0,250.0,203.91,246.28,5.118,5.2123,287.6,-5.3,0.9426,0.9957,0.9897,,6.91,3.508,-3.72,-1.488
book03_1.jpg,3,Maroon diary (photographed open),edge_refined,197.0,250.0,207.1,249.18,5.0851,5.1782,289.5,-5.3,0.9679,0.9957,0.9897,,10.1,5.127,-0.82,-0.328
book03_1.jpg,3,Maroon diary (photographed open),no_height_corr,197.0,250.0,200.22,241.82,5.2123,5.2123,,-5.3,0.9426,0.9957,0.9897,,3.22,1.635,-8.18,-3.272
book03_1.jpg,3,Maroon diary (photographed open),distorted,197.0,250.0,201.95,242.3,5.2436,5.3426,280.6,-5.3,0.9222,0.9953,0.9885,,4.95,2.513,-7.7,-3.08
book03_2.jpg,3,Maroon diary (photographed open),final,197.0,250.0,203.19,247.31,5.1492,5.2447,285.9,-5.3,0.9429,0.9947,0.9889,,6.19,3.142,-2.69,-1.076
book03_2.jpg,3,Maroon diary (photographed open),edge_refined,197.0,250.0,205.9,248.35,5.1258,5.2204,287.2,-5.3,0.9654,0.9947,0.9889,,8.9,4.518,-1.65,-0.66
book03_2.jpg,3,Maroon diary (photographed open),no_height_corr,197.0,250.0,199.49,242.81,5.2447,5.2447,,-5.3,0.9429,0.9947,0.9889,,2.49,1.264,-7.19,-2.876
book03_2.jpg,3,Maroon diary (photographed open),distorted,197.0,250.0,202.76,244.3,5.2613,5.361,279.7,-5.3,0.9283,0.9944,0.9863,,5.76,2.924,-5.7,-2.28
book04_1.jpg,4,White diary,final,146.0,210.0,145.69,207.21,5.843,5.8498,256.3,-0.3,0.9118,0.9961,0.9276,card aspect off by -8.8% — camera may be tilted,-0.31,-0.212,-2.79,-1.329
book04_1.jpg,4,White diary,edge_refined,146.0,210.0,142.86,204.66,5.8817,5.8887,254.6,-0.3,0.9327,0.9961,0.9276,,-3.14,-2.151,-5.34,-2.543
book04_1.jpg,4,White diary,no_height_corr,146.0,210.0,145.52,206.96,5.8498,5.8498,,-0.3,0.9118,0.9961,0.9276,card aspect off by -8.8% — camera may be tilted,-0.48,-0.329,-3.04,-1.448
book04_1.jpg,4,White diary,distorted,146.0,210.0,145.05,206.31,5.9426,5.9497,252.0,-0.3,0.9199,0.9967,0.7924,2 books detected; measured the most confident; card aspect off by -8.0% — camera may be tilted,-0.95,-0.651,-3.69,-1.757
book04_2.jpg,4,White diary,final,146.0,210.0,144.62,205.53,5.8352,5.842,256.6,-0.3,0.9432,0.9961,0.9644,,-1.38,-0.945,-4.47,-2.129
book04_2.jpg,4,White diary,edge_refined,146.0,210.0,144.26,206.01,5.8204,5.8272,257.3,-0.3,0.9509,0.9961,0.9644,,-1.74,-1.192,-3.99,-1.9
book04_2.jpg,4,White diary,no_height_corr,146.0,210.0,144.45,205.29,5.842,5.842,,-0.3,0.9432,0.9961,0.9644,,-1.55,-1.062,-4.71,-2.243
book04_2.jpg,4,White diary,distorted,146.0,210.0,144.45,205.93,5.9414,5.9485,252.0,-0.3,0.9283,0.9968,0.9313,,-1.55,-1.062,-4.07,-1.938
book05_1.jpg,5,Ahkam e Ilahi,final,186.0,246.0,180.9,245.21,5.2954,5.2638,284.8,1.7,0.9257,0.9943,0.9907,,-5.1,-2.742,-0.79,-0.321
book05_1.jpg,5,Ahkam e Ilahi,edge_refined,186.0,246.0,181.2,242.96,5.2887,5.2571,285.2,1.7,0.9354,0.9943,0.9907,,-4.8,-2.581,-3.04,-1.236
book05_1.jpg,5,Ahkam e Ilahi,no_height_corr,186.0,246.0,181.99,246.69,5.2638,5.2638,,1.7,0.9257,0.9943,0.9907,,-4.01,-2.156,0.69,0.28
book05_1.jpg,5,Ahkam e Ilahi,distorted,186.0,246.0,179.06,243.08,5.3749,5.3424,280.6,1.7,0.9392,0.9914,0.988,,-6.94,-3.731,-2.92,-1.187
book05_2.jpg,5,Ahkam e Ilahi,final,186.0,246.0,184.34,244.2,5.223,5.1923,288.8,1.7,0.951,0.9945,0.9864,,-1.66,-0.892,-1.8,-0.732
book05_2.jpg,5,Ahkam e Ilahi,edge_refined,186.0,246.0,184.87,242.96,5.2173,5.1866,289.1,1.7,0.9607,0.9945,0.9864,,-1.13,-0.608,-3.04,-1.236
book05_2.jpg,5,Ahkam e Ilahi,no_height_corr,186.0,246.0,185.43,245.65,5.1923,5.1923,,1.7,0.951,0.9945,0.9864,,-0.57,-0.306,-0.35,-0.142
book05_2.jpg,5,Ahkam e Ilahi,distorted,186.0,246.0,181.86,245.76,5.3604,5.328,281.4,1.7,0.9238,0.9941,0.9903,2 books detected; measured the most confident,-4.14,-2.226,-0.24,-0.098
book06_1.jpg,6,Oxley worksheet,final,202.0,288.0,202.63,286.29,4.8512,4.7785,313.8,4.7,0.9205,0.9987,0.9977,,0.63,0.312,-1.71,-0.594
book06_1.jpg,6,Oxley worksheet,edge_refined,202.0,288.0,200.87,286.55,4.8721,4.7988,312.4,4.7,0.9412,0.9987,0.9977,,-1.13,-0.559,-1.45,-0.503
book06_1.jpg,6,Oxley worksheet,no_height_corr,202.0,288.0,205.72,290.64,4.7785,4.7785,,4.7,0.9205,0.9987,0.9977,,3.72,1.842,2.64,0.917
book06_1.jpg,6,Oxley worksheet,distorted,202.0,288.0,199.28,286.03,4.9756,4.8992,306.0,4.7,0.9186,0.998,0.9967,card aspect off by -8.1% — camera may be tilted,-2.72,-1.347,-1.97,-0.684
book06_2.jpg,6,Oxley worksheet,final,202.0,288.0,200.73,282.6,5.0521,4.9734,301.5,4.7,0.9286,0.9987,0.9962,,-1.27,-0.629,-5.4,-1.875
book06_2.jpg,6,Oxley worksheet,edge_refined,202.0,288.0,201.24,285.8,5.0315,4.9534,302.7,4.7,0.9446,0.9987,0.9962,,-0.76,-0.376,-2.2,-0.764
book06_2.jpg,6,Oxley worksheet,no_height_corr,202.0,288.0,203.91,287.07,4.9734,4.9734,,4.7,0.9286,0.9987,0.9962,,1.91,0.946,-0.93,-0.323
book06_2.jpg,6,Oxley worksheet,distorted,202.0,288.0,199.51,282.9,5.1283,5.0472,297.1,4.7,0.9242,0.9982,0.9956,,-2.49,-1.233,-5.1,-1.771
book07_1.jpg,7,English grammar,final,175.0,233.0,173.31,224.21,5.3087,5.3144,282.1,-0.3,0.9246,0.9985,0.9939,,-1.69,-0.966,-8.79,-3.773
book07_1.jpg,7,English grammar,edge_refined,175.0,233.0,174.39,225.99,5.2566,5.2621,284.9,-0.3,0.948,0.9985,0.9939,,-0.61,-0.349,-7.01,-3.009
book07_1.jpg,7,English grammar,no_height_corr,175.0,233.0,173.13,223.97,5.3144,5.3144,,-0.3,0.9246,0.9985,0.9939,,-1.87,-1.069,-9.03,-3.876
book07_1.jpg,7,English grammar,distorted,175.0,233.0,175.07,223.93,5.3724,5.3782,278.8,-0.3,0.9097,0.9973,0.994,card aspect off by -9.0% — camera may be tilted,0.07,0.04,-9.07,-3.893
book07_2.jpg,7,English grammar,final,175.0,233.0,175.17,222.99,5.3064,5.312,282.2,-0.3,0.921,0.9975,0.9945,,0.17,0.097,-10.01,-4.296
book07_2.jpg,7,English grammar,edge_refined,175.0,233.0,176.74,224.82,5.2589,5.2645,284.8,-0.3,0.9435,0.9975,0.9945,,1.74,0.994,-8.18,-3.511
book07_2.jpg,7,English grammar,no_height_corr,175.0,233.0,174.98,222.75,5.312,5.312,,-0.3,0.921,0.9975,0.9945,,-0.02,-0.011,-10.25,-4.399
book07_2.jpg,7,English grammar,distorted,175.0,233.0,174.27,222.86,5.4073,5.4132,277.0,-0.3,0.9047,0.9977,0.9942,card aspect off by -9.5% — camera may be tilted,-0.73,-0.417,-10.14,-4.352
book08_1.jpg,8,Oxford dictionary,final,133.0,213.0,140.28,213.82,5.9946,5.861,255.8,5.7,0.9504,0.9946,0.9864,,7.28,5.474,0.82,0.385
book08_1.jpg,8,Oxford dictionary,edge_refined,133.0,213.0,140.88,216.46,5.9672,5.8348,257.0,5.7,0.9675,0.9946,0.9864,,7.88,5.925,3.46,1.624
book08_1.jpg,8,Oxford dictionary,no_height_corr,133.0,213.0,143.47,218.69,5.861,5.861,,5.7,0.9504,0.9946,0.9864,,10.47,7.872,5.69,2.671
book08_1.jpg,8,Oxford dictionary,distorted,133.0,213.0,138.58,212.46,6.135,5.9952,250.1,5.7,0.9375,0.9953,0.943,,5.58,4.195,-0.54,-0.254
book08_2.jpg,8,Oxford dictionary,final,133.0,213.0,140.74,216.51,5.8568,5.7293,261.7,5.7,0.9541,0.9941,0.9918,,7.74,5.82,3.51,1.648
book08_2.jpg,8,Oxford dictionary,edge_refined,133.0,213.0,140.79,217.05,5.8473,5.7202,262.1,5.7,0.9688,0.9941,0.9918,,7.79,5.857,4.05,1.901
book08_2.jpg,8,Oxford dictionary,no_height_corr,133.0,213.0,143.88,221.33,5.7293,5.7293,,5.7,0.9541,0.9941,0.9918,,10.88,8.18,8.33,3.911
book08_2.jpg,8,Oxford dictionary,distorted,133.0,213.0,139.33,212.86,5.9916,5.8582,255.9,5.7,0.9478,0.9943,0.9732,,6.33,4.759,-0.14,-0.066
book09_1.jpg,9,Register,final,210.0,346.0,213.67,339.84,4.1956,4.1757,359.1,1.7,0.9428,0.9854,0.9974,,3.67,1.748,-6.16,-1.78
book09_1.jpg,9,Register,edge_refined,210.0,346.0,212.93,337.86,4.1919,4.1721,359.4,1.7,0.9587,0.9854,0.9974,,2.93,1.395,-8.14,-2.353
book09_1.jpg,9,Register,no_height_corr,210.0,346.0,214.69,341.46,4.1757,4.1757,,1.7,0.9428,0.9854,0.9974,,4.69,2.233,-4.54,-1.312
book09_1.jpg,9,Register,distorted,210.0,346.0,214.25,329.17,4.2615,4.241,353.5,1.7,0.9318,0.9846,0.9975,,4.25,2.024,-16.83,-4.864
book09_2.jpg,9,Register,final,210.0,346.0,218.87,346.41,4.1548,4.1353,362.6,1.7,0.9489,0.9929,0.9978,,8.87,4.224,0.41,0.118
book09_2.jpg,9,Register,edge_refined,210.0,346.0,214.54,342.63,4.1749,4.1553,360.8,1.7,0.964,0.9929,0.9978,,4.54,2.162,-3.37,-0.974
book09_2.jpg,9,Register,no_height_corr,210.0,346.0,219.9,348.05,4.1353,4.1353,,1.7,0.9489,0.9929,0.9978,,9.9,4.714,2.05,0.592
book09_2.jpg,9,Register,distorted,210.0,346.0,213.06,337.88,4.3023,4.2814,350.2,1.7,0.9304,0.9886,0.9968,,3.06,1.457,-8.12,-2.347
book10_1.jpg,10,Computer education,final,178.0,232.0,173.16,231.32,5.5294,5.704,262.9,-8.3,0.9372,0.9038,0.971,,-4.84,-2.719,-0.68,-0.293
book10_1.jpg,10,Computer education,edge_refined,178.0,232.0,175.6,231.67,5.5065,5.6796,264.0,-8.3,0.9628,0.9038,0.971,,-2.4,-1.348,-0.33,-0.142
book10_1.jpg,10,Computer education,no_height_corr,178.0,232.0,167.86,224.24,5.704,5.704,,-8.3,0.9372,0.9038,0.971,,-10.14,-5.697,-7.76,-3.345
book10_1.jpg,10,Computer education,distorted,178.0,232.0,175.13,226.89,5.6676,5.8512,256.2,-8.3,0.9363,0.8979,0.9513,,-2.87,-1.612,-5.11,-2.203
book10_2.jpg,10,Computer education,final,178.0,232.0,177.39,232.77,5.411,5.5781,268.8,-8.3,0.9519,0.9085,0.9942,,-0.61,-0.343,0.77,0.332
book10_2.jpg,10,Computer education,edge_refined,178.0,232.0,178.15,232.77,5.4172,5.5847,268.5,-8.3,0.9714,0.9085,0.9942,,0.15,0.084,0.77,0.332
book10_2.jpg,10,Computer education,no_height_corr,178.0,232.0,172.08,225.8,5.5781,5.5781,,-8.3,0.9519,0.9085,0.9942,,-5.92,-3.326,-6.2,-2.672
book10_2.jpg,10,Computer education,distorted,178.0,232.0,175.4,232.62,5.5737,5.7512,260.7,-8.3,0.936,0.9175,0.9582,,-2.6,-1.461,0.62,0.267
