epoch,lr,train_loss,val_loss,train_loss_classifier,val_loss_classifier,train_loss_box_reg,val_loss_box_reg,train_loss_mask,val_loss_mask,train_loss_objectness,val_loss_objectness,train_loss_rpn_box_reg,val_loss_rpn_box_reg,val_bbox_mAP50,val_bbox_mAP50_95,val_segm_mAP50,val_segm_mAP50_95
1,0.0039000000000000003,0.9232949128276423,0.3614798811349002,0.2816458840511347,0.05711078000339595,0.18556327588464083,0.1532400521365079,0.3835339265826501,0.12752905081618915,0.042824319000110814,0.006672954652458429,0.029727510176599026,0.016927038150077515,0.9721739163665122,0.6057586633169078,0.9721739163665122,0.8077177337410565
2,0.005,0.24991216157612048,0.17949911816553635,0.038753625887789224,0.022234828973358326,0.10259712761954258,0.05507636239582842,0.08434657928975005,0.0834323801100254,0.0044645663330907396,0.0038052223072471943,0.01975026127490166,0.01495032033629038,1.0,0.8192463477116941,1.0,0.9064496742155906
3,0.005,0.15410119765683225,0.14609116451306778,0.022600311001664715,0.018528113903647118,0.046521327556356004,0.03635217621922493,0.0655517735959668,0.07222103090448813,0.0025838607915303377,0.003422538707540794,0.01684392350848372,0.01556730338118293,1.0,0.9056942935728609,1.0,0.964537391239124
4,0.005,0.14286595073185468,0.12635290961373935,0.02194736608745236,0.01731115977533839,0.03590130894199798,0.03269882398572835,0.06676567296840642,0.060835405168208206,0.0027754371181608326,0.0032858154207298703,0.015476167428699372,0.012221706692468037,1.0,0.911216228295762,1.0,0.9674173281989853
5,0.005,0.1307695621722623,0.1235487935217944,0.020168577394399204,0.016880596987903118,0.03590140619168156,0.031208040362054653,0.058186210103725135,0.05927142399278554,0.002155094366906652,0.002502486183816059,0.014358274675415535,0.013686246238648891,1.0,0.915869872701556,1.0,0.9721858071477205
6,0.005,0.1200799293031818,0.11622044240886514,0.018710963501545944,0.017092897302725098,0.031248528902467928,0.02775716764683073,0.05548025295138359,0.05930269374088808,0.0014495480588122614,0.0013266137711153451,0.013190636215241332,0.010741068558259443,1.0,0.8991018578433899,1.0,0.977599411726887
7,0.005,0.11531489558125797,0.12444972924210808,0.018541333143060144,0.019190593199296432,0.026801111691288258,0.03548629869791595,0.05509637756959388,0.0581376271491701,0.001219670268255868,0.0015638658210677518,0.013656403906153221,0.010071345985951748,1.0,0.891890927814586,1.0,0.9713718693297901
8,0.005,0.11545326815623987,0.11693503639914772,0.017105358775312964,0.01630109108307145,0.027395128566575676,0.02657786130227826,0.05603199265897274,0.05685329234058207,0.0015955599722617894,0.000917446037585085,0.01332522828229948,0.016285343772985718,1.0,0.9151485148514851,1.0,0.9793098427489808
9,0.005,0.10942420461460163,0.10462920774113048,0.016158768539562038,0.013131462968885899,0.02481179635383581,0.0252873572436246,0.05334200053230712,0.05598251860250126,0.001060414201148026,0.0008236956597432833,0.01405122466262822,0.009404173205521974,1.0,0.9261349819192446,1.0,0.9800285910944035
10,0.005,0.10581476300170548,0.10807306454940276,0.01651314447486871,0.016148151660507374,0.023920650593936443,0.024417301470583134,0.05150753965503291,0.05397039076144045,0.0011238813738026166,0.0008715718272882937,0.012749547751522377,0.012665648754178123,1.0,0.9380351193014038,1.0,0.9762782160568998
11,0.005,0.10217663371249248,0.10177676311948082,0.01651237184475911,0.011613878421485424,0.021669535358485422,0.02328458936377005,0.051758969594773496,0.05472326651215553,0.0009947913234722556,0.0009582913877569478,0.01124096523945857,0.011196736415678804,1.0,0.9199562813424199,1.0,0.9752025202520253
12,0.005,0.09935187764073673,0.10717659782279622,0.016403716106555964,0.016897262920710174,0.019966998725737397,0.02482486042109403,0.05172375089635974,0.05465554175051776,0.0008075871247504102,0.0018264536999843338,0.010449824857795121,0.00897248068147085,1.0,0.919751925380508,1.0,0.9826762676267626
13,0.005,0.09879736249384127,0.09891299564730037,0.015124579131799308,0.013653489888053049,0.021065637150681334,0.017737641083923252,0.05124999171024874,0.05483852157538587,0.001130938396128936,0.001487654461842877,0.010226216709461847,0.011195688974112272,1.0,0.9386648664866486,1.0,0.9802385238523852
14,0.005,0.09621819892996236,0.09368987584655936,0.014812479530902286,0.011926561424678022,0.01897888150262205,0.017954272641377014,0.051397808484340966,0.05312247269532897,0.0005772674653838438,0.0012512591254728084,0.010451762826721134,0.009435312081636353,1.0,0.9406193980742612,1.0,0.9764380911775388
15,0.005,0.09392619623165381,0.1026884601874785,0.013123067953672848,0.017794833179901947,0.019194798127404954,0.01869637028060176,0.051206964705335464,0.0549228736622767,0.0008653855611076946,0.0015909399900754745,0.00953597810401238,0.009683442556045273,0.9946597920661632,0.9470075105336622,0.9946597920661632,0.9809796794896881
16,0.005,0.09685457399801205,0.10031735761599107,0.015497699759802535,0.014684724706140432,0.01972258691430876,0.022671940313144165,0.05110346967060315,0.053265553983775055,0.0011725460411214858,0.0008360408299433237,0.009358270994485602,0.008859096962789243,1.0,0.9027605523710266,1.0,0.979740099009901
17,0.005,0.09330090821573608,0.09775372052734549,0.014925068244338036,0.014481122605502605,0.018464021605292435,0.020320896567268806,0.050182044113937174,0.05355636673894795,0.0009903498454437603,0.000422010195589709,0.0087394246365875,0.008973324565555562,1.0,0.936624188734663,1.0,0.9882043204320432
18,0.005,0.09202381635182783,0.10069377652623436,0.013776127224493968,0.016546203881840815,0.01825513278967456,0.021204299716786904,0.05029039418226794,0.05348006568171761,0.00053481711381066,0.0006854832661867312,0.009167345099788355,0.008777723435989836,1.0,0.9341546717696979,1.0,0.9869486948694869
19,0.005,0.08889026626160271,0.0955762422897599,0.012579611355536863,0.01483054526827552,0.017989789184771086,0.018757101995023815,0.04937469508302839,0.05366730520671064,0.000650677946396172,0.0006787848013283855,0.008295492820539757,0.007642506918107922,0.9989238054240207,0.9618920412943934,0.9989238054240207,0.9884365345559035
20,0.0005,0.08738653969607856,0.10057314078916203,0.012139927510074094,0.013831895183433186,0.017653547349925105,0.023275512863289227,0.04914013659091372,0.053480674597350036,0.0004531610418206056,0.0008510888503885574,0.007999767831183578,0.009133969560604204,1.0,0.9254375437543754,1.0,0.9815550785847815
21,0.0005,0.08337303819625001,0.08787365935065529,0.01094854377994412,0.011068396862934936,0.014066299570626334,0.016256664710288696,0.04978135139926484,0.05176600644534284,0.0005541217741617737,0.0008182567531052468,0.008022720726378458,0.007964335551316088,1.0,0.9656336368931011,1.0,0.9900000000000001
22,0.0005,0.0807005068973491,0.08984647149389441,0.0111619366553465,0.013587360608984123,0.012773125064804366,0.015849250622771004,0.04894372899281351,0.05192806436256929,0.0007031946938935251,0.0007839943044183946,0.007118522186493992,0.007697803497483785,1.0,0.9773055430543054,1.0,0.9922817281728173
23,0.0005,0.0789192491456082,0.08818399093367836,0.009540177256751218,0.01178365708752112,0.012117739546259767,0.016176128082654694,0.048942153096983305,0.05183695832436735,0.0007277037452456027,0.0007845377787651324,0.0075914748687003,0.007602709006856789,1.0,0.9707470747074708,1.0,0.9875562556255626
24,0.0005,0.08074943133090672,0.08877447653900493,0.012029452568018123,0.01123488491231745,0.012411101733481414,0.01602291197262027,0.048723205433864346,0.05158244716850194,0.0006599709560855684,0.002091708971420303,0.00692570009452634,0.007842524188824675,1.0,0.9796579657965797,1.0,0.988010801080108
25,0.0005,0.07847324778374873,0.08856485106728294,0.01014525719036005,0.011525552677498623,0.01193679236855946,0.016176233322105625,0.048611995911127644,0.05176875198429281,0.0007249204096105563,0.0012425900984618982,0.007054281819268669,0.007851723369888285,1.0,0.9766066606660666,1.0,0.9865436543654366
26,5.000000000000001e-05,0.07701252420481883,0.0883640091527592,0.01027365185099801,0.012442990544844757,0.011154483697426162,0.01576480015435002,0.04814469892727701,0.05161827565594153,0.0006600987219012735,0.000721866061212495,0.006779590241709038,0.007816074945201928,1.0,0.9763762914753014,1.0,0.9922817281728173
27,5.000000000000001e-05,0.07891989244442237,0.0869167988950556,0.010723136818820709,0.01164152921939438,0.011662879542104508,0.015280475162646988,0.048700421852500814,0.051653320816430176,0.0006020945955625441,0.0005860507199858231,0.007231359814269174,0.007755423472686248,1.0,0.9652633051766715,1.0,0.9915616561656165
28,5.000000000000001e-05,0.07786107661300584,0.08649569004774094,0.010106996155196899,0.011802229014309969,0.01128672854974866,0.01462456372312524,0.04881866884074713,0.05183387005870992,0.0006123753622600098,0.0005370307838099754,0.007036307762303439,0.007697997286661782,1.0,0.9832133213321331,1.0,0.9881413141314132
29,5.000000000000001e-05,0.07665895964754255,0.0854593583128669,0.009641348482354692,0.010559050450948152,0.011378712670289372,0.015002577819607475,0.047967746461692606,0.05169535292820497,0.0008204404196141312,0.0005269323248119855,0.0068507120871034105,0.007675444188697094,1.0,0.9668391839183919,1.0,0.987002354081562
30,5.000000000000001e-05,0.07577342579239293,0.08739773996851662,0.009512473032564708,0.011550694280727343,0.010577170643955469,0.015022581612521952,0.04813428752516445,0.05172055113044652,0.0005502816007049803,0.0014253564811290496,0.006999212500982378,0.007678556446494026,1.0,0.9709424593775168,1.0,0.9885225287234607
